submission_id,author_id,author_name,posts,score,num_comments,upvote_ratio,created_utc,subreddit
1dg5u5y,tqjwp9hc,user_42486, Brazil granted record number of refugee applications in 2023,5,3,0.86,2024-06-15 08:43:05,GlobalTalk
1ddgq3g,tqjwp9hc,user_42486, Spanish soccer fans sentenced to prison for racial abuse of Brazil striker Vinícius Júnior,27,0,0.92,2024-06-11 23:19:52,GlobalTalk
1db3bfm,tqjwp9hc,user_42486,"Investigated for soccer betting scandal, Brazil’s Lucas Paquetá still tipped to play in Copa América",5,1,0.73,2024-06-08 21:45:42,GlobalTalk
1d55j9f,tqjwp9hc,user_42486,Brazil permanently withdraws its ambassador from Israel,29,0,0.92,2024-06-01 04:36:27,GlobalTalk
1bez6i4,tqjwp9hc,user_42486,"On 6th anniversary of Rio de Janeiro Councilwoman Marielle Franco’s murder, motive and mastermind remain unknown",3,0,1.0,2024-03-15 07:17:00,GlobalTalk
jtsd3dm,3fqjade,Sunflower_123,The presidential debate this Friday will prioritize international issues—crucial for the campaign!,0,0,0.0,2023-09-15 21:32:13,politics
gyaj90j,6f3p8d1,Mountain-Rider,"The Russian-Ukrainian conflict continues to evolve, revealing intricate global dynamics.",0,0,0.0,2023-11-15 05:58:33,worldnews
8q533zz,6f3p8d1,Mountain-Rider,"The Russia-Ukraine war showcases complex global diplomacy, especially with North Korea.",0,0,0.0,2023-12-10 19:51:47,worldnews
5jgv7pk,6f3p8d1,Mountain-Rider,"Despite initial fears, South Korea and Japan are improving ties and boosting economic partnerships amidst shifting global dynamics. A hopeful step forward!",0,0,0.0,2024-01-05 00:11:53,InternationalNews
6bbzc1d,6f3p8d1,Mountain-Rider,"Ukraine's need for air defense systems may be less urgent than once thought, yet the U.S. is still assessing its inventory for future aid. Stay informed!",0,0,0.0,2024-02-15 00:35:54,worldnews
r1r5gxr,6f3p8d1,Mountain-Rider,Ukraine is pushing for air defense systems while the US reviews its options. #RussiaUkraineWar,0,0,0.0,2024-03-10 06:52:03,InternationalNews
tx4ze1m,6f3p8d1,Mountain-Rider,"As tensions continue in the Russia-Ukraine war, many men are preparing for potential conscription, focusing on military strategies and family time before deployment. This crucial moment emphasizes national responsibility.",0,0,0.0,2024-04-05 17:18:29,worldnews
lez6uw2,6f3p8d1,Mountain-Rider,"Ukraine's air defense needs are significant but not urgent, says Pentagon.",0,0,0.0,2024-05-20 01:06:12,InternationalNews
713qwtp,6f3p8d1,Mountain-Rider,"Concerns arise as former president's supporters use the flag to protest, dividing opinions.",0,0,0.0,2023-11-11 05:03:45,worldnews
2zpltia,6f3p8d1,Mountain-Rider,"In Pittsburgh, the ex-president's doubts about his rival may boost voter support.",0,0,0.0,2023-11-18 00:42:48,InternationalNews
4ic3i38,6f3p8d1,Mountain-Rider,"As someone passionate about international news, I find it intriguing that the former president feels his push for environmental protection led to unjust criticism.",0,0,0.0,2023-11-25 08:33:04,worldnews
o26c55v,6f3p8d1,Mountain-Rider,The early conference for presidential hopefuls sets a historic precedent in politics.,0,0,0.0,2023-12-02 00:45:21,InternationalNews
ylgzjmo,6f3p8d1,Mountain-Rider,"Mr. Trump's boxing proposal drew mixed reactions, but he calls it a unique idea.",0,0,0.0,2023-12-09 01:00:36,worldnews
qwb8a9j,6f3p8d1,Mountain-Rider,"""Trump's UFC proposal raises eyebrows; he's unfazed.""",0,0,0.0,2023-12-16 22:34:27,InternationalNews
0bh79i2,6f3p8d1,Mountain-Rider,Trump's mixed reactions on his latest idea.,0,0,0.0,2024-01-06 00:33:08,worldnews
mdg2bva,6f3p8d1,Mountain-Rider,"Mr. Trump's recent proposal to Alex Smith, head of the World Sports League, faced skepticism but he defended it, saying, ""It's certainly not the most flawed concept."" This shows his ongoing influence in international discussions.",0,0,0.0,2024-01-13 00:05:57,InternationalNews
etyuvov,6f3p8d1,Mountain-Rider,Join the debate on international elections shaping our future!,0,0,0.0,2024-02-03 08:28:18,worldnews
uhapjkc,6f3p8d1,Mountain-Rider,The presidential debate this Wednesday may reshape candidates' futures.,0,0,0.0,2024-02-10 04:19:21,InternationalNews
n0f0izx,6f3p8d1,Mountain-Rider,"Flying flags upside-down, a creative protest by supporters! #InternationalNews",0,0,0.0,2024-03-02 22:42:45,worldnews
q4zoahp,6f3p8d1,Mountain-Rider,"Trump's idea for the sports CEO faced doubt, yet he humorously claims it’s not his worst!",0,0,0.0,2024-03-09 10:23:25,InternationalNews
nomu4l9,6f3p8d1,Mountain-Rider,The upcoming presidential debate could shape the campaign's future!,0,0,0.0,2024-04-06 02:29:41,worldnews
fwikivs,6f3p8d1,Mountain-Rider,Join the discourse on Canada's pivotal presidential forum this Tuesday; outcomes can shape politics!,0,0,0.0,2024-04-14 22:13:15,InternationalNews
j0ueb8d,6f3p8d1,Mountain-Rider,"In LA, the former president praised his rival, hinting at a respectful political shift. International implications? Let's discuss!",0,0,0.0,2024-05-20 12:23:25,worldnews
17guc14,7rehtxt,vigoave,[Global] Arnold Schwarzenegger: The Presidential Potential?,0,34,0.22,2023-10-26 19:29:37,GlobalTalk
17g9j6j,7rehtxt,vigoave,[Global] Neil Jones: From Lottery Winner to National Pool Captain,2,0,1.0,2023-10-26 01:00:43,GlobalTalk
17g20v5,7rehtxt,vigoave,[Global] Arnold Schwarzenegger Reveals How He and Sylvester Stallone Mended Their Famed Rivalry,9,3,0.77,2023-10-25 18:54:24,GlobalTalk
17fkzrl,7rehtxt,vigoave,[US] Five Fresh Sports to Debut at the 2028 LA Olympics,1,0,1.0,2023-10-25 03:25:29,GlobalTalk
17fkzrj,7rehtxt,vigoave,[US] Five Fresh Sports to Debut at the 2028 LA Olympics,0,0,0.5,2023-10-25 03:25:29,GlobalTalk
17f80dg,7rehtxt,vigoave,[Global] Unlocking Stress Relief: The Power of the Mediterranean Diet,0,0,0.5,2023-10-24 16:33:40,GlobalTalk
17ehj8g,7rehtxt,vigoave,"[US] Whirling Disease Strikes Virginia's Trout Population, 40,000 trout in euthanized",9,0,0.92,2023-10-23 18:52:18,GlobalTalk
17dqg8o,7rehtxt,vigoave,[Global] Arnold Schwarzenegger Discusses How His Robust Physique Once Restricted His Initial Acting Roles,0,0,0.37,2023-10-22 18:40:39,GlobalTalk
17d44ga,7rehtxt,vigoave,[Global] Training Timeless: How Celebs Stay Fit in Their Golden Years,0,0,0.2,2023-10-21 22:43:20,GlobalTalk
17cfnj9,7rehtxt,vigoave,[Global] The Power of Anaerobic Exercise: Boosting Health with Intense Workouts,3,0,0.71,2023-10-21 00:43:03,GlobalTalk
17c7b0x,7rehtxt,vigoave,[Global] Mediterranean diet with mild physical activity led to a reduction in harmful fat while retaining muscle strength,15,1,0.86,2023-10-20 17:40:50,GlobalTalk
17boype,7rehtxt,vigoave,[Global] The Wonders of Daily Green Tea Consumption,3,0,0.81,2023-10-20 01:46:19,GlobalTalk
17bfq0s,7rehtxt,vigoave,[Global] Mike Tyson's Remarkable Transition from Boxing to Entrepreneurship,0,0,0.5,2023-10-19 18:12:53,GlobalTalk
17anrct,7rehtxt,vigoave,[Global] 5 Wellness Advantages of Chamomile Tea,0,0,0.25,2023-10-18 18:48:11,GlobalTalk
17anrcn,7rehtxt,vigoave,[Global] 5 Wellness Advantages of Chamomile Tea,0,0,0.17,2023-10-18 18:48:11,GlobalTalk
17a36b0,7rehtxt,vigoave,[Global] People with increased anxiety sensitivity often engage less in physical activities,1,0,1.0,2023-10-18 01:05:26,GlobalTalk
179tqpy,7rehtxt,vigoave,[Belgium] The Euro 2024 qualifying match between Belgium and Sweden in Brussels was halted following the fatal shooting of two Swedes,2,0,1.0,2023-10-17 16:43:10,GlobalTalk
1791zo6,7rehtxt,vigoave,[Global] Arnold Schwarzenegger's Dumbbell Pump Challenge: The 30-30 Approach,0,0,0.5,2023-10-16 17:28:34,GlobalTalk
178cimq,7rehtxt,vigoave,[Global] Roger Federer: Transitioning from Court to Gym in Retirement,6,0,1.0,2023-10-15 18:27:15,GlobalTalk
17m7mot,c8qof,hellomondays,Hunter Biden: I fought to get sober. Political weaponization of my addiction hurts more than me.,408,68,0.96,2023-11-03 00:37:13,politics
17k7alp,c8qof,hellomondays,"More kids killed in Gaza in 3 weeks than all global conflict annually since 2019, Save the Children says",0,171,0.45,2023-10-31 07:43:32,worldnews
17cc2tx,c8qof,hellomondays,"Dozens of Israelis arrested for social media posts defending Gaza, advocates say",839,444,0.82,2023-10-20 22:04:57,worldnews
17bozzp,c8qof,hellomondays,"Between 100 and 300 believed killed in Gaza hospital blast, according to preliminary US intelligence assessment",114,160,0.69,2023-10-20 01:47:50,worldnews
17b3o7o,c8qof,hellomondays,Israel singles out model Gigi Hadid for Israel-Hamas War post,1,1,1.0,2023-10-19 06:45:17,worldnews
16n21wq,c8qof,hellomondays,Filmmaker John Waters receives star on Hollywood Walk of Fame,1,0,1.0,2023-09-20 04:50:55,news
165sghc,c8qof,hellomondays,Judge dismissed lawsuit challenging Kappa Kappa Gamma's induction of transgender student at University of Wyoming,252,51,0.86,2023-08-31 06:12:51,news
14gz9l0,c8qof,hellomondays,Fox News is altering language in AP and Reuters articles on anti-trans legislation — including a quote from an elected official,1,0,1.0,2023-06-23 21:57:14,news
14gz8cu,c8qof,hellomondays,Fox News is altering language in AP and Reuters articles on anti-trans legislation — including a quote from an elected official,1,1,1.0,2023-06-23 21:55:51,politics
